{"train": {"accuracy": 1.0, "precision": 1.0, "recall": 1.0, "f1_score": 1.0}, "val": {"accuracy": 0.12727272727272726, "precision": 0.13796410660047023, "recall": 0.12727272727272726, "f1_score": 0.12933651569780194}, "test": {"accuracy": 0.10876132930513595, "precision": 0.10210217020373409, "recall": 0.10876132930513595, "f1_score": 0.10311331729624992}}