{"train": {"accuracy": 1.0, "precision": 1.0, "recall": 1.0, "f1_score": 1.0}, "val": {"accuracy": 0.53, "precision": 0.5121945891788382, "recall": 0.53, "f1_score": 0.5164716851540965}, "test": {"accuracy": 0.5415282392026578, "precision": 0.5017420563932191, "recall": 0.5415282392026578, "f1_score": 0.5155391782630672}}