{"train": {"mse": 8016337.890567694, "mae": 1734.0604347614171, "rmse": 2831.313809977215, "r2_score": 0.9975323805642223}, "val": {"mse": 42001693.78540336, "mae": 4073.955585351853, "rmse": 6480.871375471308, "r2_score": 0.9875484783964471}, "test": {"mse": 50054721.59161644, "mae": 4444.671275058033, "rmse": 7074.93615459648, "r2_score": 0.9844119550965111}}